disease,count
ASD,21.47435897
Cancer,68.42948718
ASD_Cancer,6.570512821
Control,3.525641026
